Username,Email
jdupont,jdupont@gmail.com
vincent86,vincent86@hotmail.com
edurand,edurand@gmail.com
nicolas7,nicolas7@gmail.com
sophie23,sophie23@hotmail.com
mtremblay,mtremblay@gmail.com
roger567,roger234@gmail.com